<?xml version='1.0' encoding='utf-8'?>
<root>
  <general name="MTK_PLATFORM_CFG">
    <config_version name="V2.2.0">
      <platform>MT6897</platform>
      <project>duchamp</project>
    </config_version>
  </general>
  <storage_type name="UFS">
    <general name="MTK_STORAGE_CFG">
      <storage name="UFS">
        <boot_channel>UFSHCI_0</boot_channel>
        <block_size>0x80000</block_size>
      </storage>
    </general>

    <partition_index name="SYS0">
      <partition_name>preloader_a</partition_name>
      <file_name>preloader_a.bin</file_name>
      <is_download>false</is_download>
      <type>NORMAL_ROM</type>
      <linear_start_addr>0x0</linear_start_addr>
      <physical_start_addr>0x0</physical_start_addr>
      <partition_size>0x100000</partition_size>
      <region>UFS_LU0</region>
      <storage>HW_STORAGE_UFS</storage>
      <boundary_check>true</boundary_check>
      <is_reserved>false</is_reserved>
      <operation_type>INVISIBLE</operation_type>
      <is_upgradable>true</is_upgradable>
      <empty_boot_needed>false</empty_boot_needed>
      <combo_partsize_check>false</combo_partsize_check>
      <reserve>0x00</reserve>
    </partition_index>

    <partition_index name="SYS1">
      <partition_name>preloader_b</partition_name>
      <file_name>preloader_b.bin</file_name>
      <is_download>false</is_download>
      <type>NORMAL_ROM</type>
      <linear_start_addr>0x0</linear_start_addr>
      <physical_start_addr>0x0</physical_start_addr>
      <partition_size>0x100000</partition_size>
      <region>UFS_LU1</region>
      <storage>HW_STORAGE_UFS</storage>
      <boundary_check>true</boundary_check>
      <is_reserved>false</is_reserved>
      <operation_type>INVISIBLE</operation_type>
      <is_upgradable>true</is_upgradable>
      <empty_boot_needed>false</empty_boot_needed>
      <combo_partsize_check>false</combo_partsize_check>
      <reserve>0x00</reserve>
    </partition_index>

    <partition_index name="SYS2">
      <partition_name>pgpt</partition_name>
      <file_name>pgpt</file_name>
      <is_download>false</is_download>
      <type>NORMAL_ROM</type>
      <linear_start_addr>0x0</linear_start_addr>
      <physical_start_addr>0x0</physical_start_addr>
      <partition_size>0x8000</partition_size>
      <region>UFS_LU2</region>
      <storage>HW_STORAGE_UFS</storage>
      <boundary_check>true</boundary_check>
      <is_reserved>false</is_reserved>
      <operation_type>INVISIBLE</operation_type>
      <is_upgradable>false</is_upgradable>
      <empty_boot_needed>false</empty_boot_needed>
      <combo_partsize_check>false</combo_partsize_check>
      <reserve>0x00</reserve>
    </partition_index>

    <partition_index name="SYS3">
      <partition_name>misc</partition_name>
      <file_name>misc.img</file_name>
      <is_download>true</is_download>
      <type>NORMAL_ROM</type>
      <linear_start_addr>0x0000000000008000</linear_start_addr>
      <physical_start_addr>0x0000000000008000</physical_start_addr>
      <partition_size>0x0000000000080000</partition_size>
      <region>UFS_LU2</region>
      <storage>HW_STORAGE_UFS</storage>
      <boundary_check>true</boundary_check>
      <is_reserved>false</is_reserved>
      <operation_type>UPDATE</operation_type>
      <is_upgradable>false</is_upgradable>
      <empty_boot_needed>false</empty_boot_needed>
      <combo_partsize_check>false</combo_partsize_check>
      <reserve>0x00</reserve>
    </partition_index>

    <partition_index name="SYS4">
      <partition_name>vb</partition_name>
      <file_name>vb</file_name>
      <is_download>false</is_download>
      <type>NORMAL_ROM</type>
      <linear_start_addr>0x0000000000088000</linear_start_addr>
      <physical_start_addr>0x0000000000088000</physical_start_addr>
      <partition_size>0x0000000000400000</partition_size>
      <region>UFS_LU2</region>
      <storage>HW_STORAGE_UFS</storage>
      <boundary_check>true</boundary_check>
      <is_reserved>false</is_reserved>
      <operation_type>INVISIBLE</operation_type>
      <is_upgradable>false</is_upgradable>
      <empty_boot_needed>false</empty_boot_needed>
      <combo_partsize_check>false</combo_partsize_check>
      <reserve>0x00</reserve>
    </partition_index>

    <partition_index name="SYS5">
      <partition_name>para</partition_name>
      <file_name>para</file_name>
      <is_download>false</is_download>
      <type>NORMAL_ROM</type>
      <linear_start_addr>0x0000000000488000</linear_start_addr>
      <physical_start_addr>0x0000000000488000</physical_start_addr>
      <partition_size>0x0000000000080000</partition_size>
      <region>UFS_LU2</region>
      <storage>HW_STORAGE_UFS</storage>
      <boundary_check>true</boundary_check>
      <is_reserved>false</is_reserved>
      <operation_type>INVISIBLE</operation_type>
      <is_upgradable>false</is_upgradable>
      <empty_boot_needed>false</empty_boot_needed>
      <combo_partsize_check>false</combo_partsize_check>
      <reserve>0x00</reserve>
    </partition_index>

    <partition_index name="SYS6">
      <partition_name>expdb</partition_name>
      <file_name>expdb</file_name>
      <is_download>false</is_download>
      <type>NORMAL_ROM</type>
      <linear_start_addr>0x0000000000508000</linear_start_addr>
      <physical_start_addr>0x0000000000508000</physical_start_addr>
      <partition_size>0x0000000008000000</partition_size>
      <region>UFS_LU2</region>
      <storage>HW_STORAGE_UFS</storage>
      <boundary_check>true</boundary_check>
      <is_reserved>false</is_reserved>
      <operation_type>INVISIBLE</operation_type>
      <is_upgradable>false</is_upgradable>
      <empty_boot_needed>false</empty_boot_needed>
      <combo_partsize_check>false</combo_partsize_check>
      <reserve>0x00</reserve>
    </partition_index>

    <partition_index name="SYS7">
      <partition_name>frp</partition_name>
      <file_name>frp</file_name>
      <is_download>false</is_download>
      <type>NORMAL_ROM</type>
      <linear_start_addr>0x0000000008508000</linear_start_addr>
      <physical_start_addr>0x0000000008508000</physical_start_addr>
      <partition_size>0x0000000000100000</partition_size>
      <region>UFS_LU2</region>
      <storage>HW_STORAGE_UFS</storage>
      <boundary_check>true</boundary_check>
      <is_reserved>false</is_reserved>
      <operation_type>INVISIBLE</operation_type>
      <is_upgradable>false</is_upgradable>
      <empty_boot_needed>false</empty_boot_needed>
      <combo_partsize_check>false</combo_partsize_check>
      <reserve>0x00</reserve>
    </partition_index>

    <partition_index name="SYS8">
      <partition_name>nvcfg</partition_name>
      <file_name>nvcfg</file_name>
      <is_download>false</is_download>
      <type>EXT4_IMG</type>
      <linear_start_addr>0x0000000008608000</linear_start_addr>
      <physical_start_addr>0x0000000008608000</physical_start_addr>
      <partition_size>0x0000000002000000</partition_size>
      <region>UFS_LU2</region>
      <storage>HW_STORAGE_UFS</storage>
      <boundary_check>true</boundary_check>
      <is_reserved>false</is_reserved>
      <operation_type>INVISIBLE</operation_type>
      <is_upgradable>false</is_upgradable>
      <empty_boot_needed>false</empty_boot_needed>
      <combo_partsize_check>false</combo_partsize_check>
      <reserve>0x00</reserve>
    </partition_index>

    <partition_index name="SYS9">
      <partition_name>nvdata</partition_name>
      <file_name>nvdata</file_name>
      <is_download>false</is_download>
      <type>EXT4_IMG</type>
      <linear_start_addr>0x000000000a608000</linear_start_addr>
      <physical_start_addr>0x000000000a608000</physical_start_addr>
      <partition_size>0x0000000005000000</partition_size>
      <region>UFS_LU2</region>
      <storage>HW_STORAGE_UFS</storage>
      <boundary_check>true</boundary_check>
      <is_reserved>false</is_reserved>
      <operation_type>INVISIBLE</operation_type>
      <is_upgradable>false</is_upgradable>
      <empty_boot_needed>false</empty_boot_needed>
      <combo_partsize_check>false</combo_partsize_check>
      <reserve>0x00</reserve>
    </partition_index>

    <partition_index name="SYS10">
      <partition_name>md_sec</partition_name>
      <file_name>md_sec</file_name>
      <is_download>false</is_download>
      <type>EXT4_IMG</type>
      <linear_start_addr>0x000000000f608000</linear_start_addr>
      <physical_start_addr>0x000000000f608000</physical_start_addr>
      <partition_size>0x0000000000800000</partition_size>
      <region>UFS_LU2</region>
      <storage>HW_STORAGE_UFS</storage>
      <boundary_check>true</boundary_check>
      <is_reserved>false</is_reserved>
      <operation_type>INVISIBLE</operation_type>
      <is_upgradable>false</is_upgradable>
      <empty_boot_needed>false</empty_boot_needed>
      <combo_partsize_check>false</combo_partsize_check>
      <reserve>0x00</reserve>
    </partition_index>

    <partition_index name="SYS11">
      <partition_name>vbmeta_a</partition_name>
      <file_name>vbmeta.img</file_name>
      <is_download>true</is_download>
      <type>NORMAL_ROM</type>
      <linear_start_addr>0x000000000fe08000</linear_start_addr>
      <physical_start_addr>0x000000000fe08000</physical_start_addr>
      <partition_size>0x0000000000800000</partition_size>
      <region>UFS_LU2</region>
      <storage>HW_STORAGE_UFS</storage>
      <boundary_check>true</boundary_check>
      <is_reserved>false</is_reserved>
      <operation_type>UPDATE</operation_type>
      <is_upgradable>true</is_upgradable>
      <empty_boot_needed>false</empty_boot_needed>
      <combo_partsize_check>false</combo_partsize_check>
      <reserve>0x00</reserve>
    </partition_index>

    <partition_index name="SYS12">
      <partition_name>vbmeta_system_a</partition_name>
      <file_name>vbmeta_system_a</file_name>
      <is_download>false</is_download>
      <type>NORMAL_ROM</type>
      <linear_start_addr>0x0000000010608000</linear_start_addr>
      <physical_start_addr>0x0000000010608000</physical_start_addr>
      <partition_size>0x0000000000800000</partition_size>
      <region>UFS_LU2</region>
      <storage>HW_STORAGE_UFS</storage>
      <boundary_check>true</boundary_check>
      <is_reserved>false</is_reserved>
      <operation_type>INVISIBLE</operation_type>
      <is_upgradable>true</is_upgradable>
      <empty_boot_needed>false</empty_boot_needed>
      <combo_partsize_check>false</combo_partsize_check>
      <reserve>0x00</reserve>
    </partition_index>

    <partition_index name="SYS13">
      <partition_name>vbmeta_vendor_a</partition_name>
      <file_name>vbmeta_vendor_a</file_name>
      <is_download>false</is_download>
      <type>NORMAL_ROM</type>
      <linear_start_addr>0x0000000010e08000</linear_start_addr>
      <physical_start_addr>0x0000000010e08000</physical_start_addr>
      <partition_size>0x0000000000800000</partition_size>
      <region>UFS_LU2</region>
      <storage>HW_STORAGE_UFS</storage>
      <boundary_check>true</boundary_check>
      <is_reserved>false</is_reserved>
      <operation_type>INVISIBLE</operation_type>
      <is_upgradable>true</is_upgradable>
      <empty_boot_needed>false</empty_boot_needed>
      <combo_partsize_check>false</combo_partsize_check>
      <reserve>0x00</reserve>
    </partition_index>

    <partition_index name="SYS14">
      <partition_name>vbmeta_b</partition_name>
      <file_name>vbmeta.img</file_name>
      <is_download>true</is_download>
      <type>NORMAL_ROM</type>
      <linear_start_addr>0x0000000011608000</linear_start_addr>
      <physical_start_addr>0x0000000011608000</physical_start_addr>
      <partition_size>0x0000000000800000</partition_size>
      <region>UFS_LU2</region>
      <storage>HW_STORAGE_UFS</storage>
      <boundary_check>true</boundary_check>
      <is_reserved>false</is_reserved>
      <operation_type>UPDATE</operation_type>
      <is_upgradable>true</is_upgradable>
      <empty_boot_needed>false</empty_boot_needed>
      <combo_partsize_check>false</combo_partsize_check>
      <reserve>0x00</reserve>
    </partition_index>

    <partition_index name="SYS15">
      <partition_name>vbmeta_system_b</partition_name>
      <file_name>vbmeta_system_b</file_name>
      <is_download>false</is_download>
      <type>NORMAL_ROM</type>
      <linear_start_addr>0x0000000011e08000</linear_start_addr>
      <physical_start_addr>0x0000000011e08000</physical_start_addr>
      <partition_size>0x0000000000800000</partition_size>
      <region>UFS_LU2</region>
      <storage>HW_STORAGE_UFS</storage>
      <boundary_check>true</boundary_check>
      <is_reserved>false</is_reserved>
      <operation_type>INVISIBLE</operation_type>
      <is_upgradable>true</is_upgradable>
      <empty_boot_needed>false</empty_boot_needed>
      <combo_partsize_check>false</combo_partsize_check>
      <reserve>0x00</reserve>
    </partition_index>

    <partition_index name="SYS16">
      <partition_name>vbmeta_vendor_b</partition_name>
      <file_name>vbmeta_vendor_b</file_name>
      <is_download>false</is_download>
      <type>NORMAL_ROM</type>
      <linear_start_addr>0x0000000012608000</linear_start_addr>
      <physical_start_addr>0x0000000012608000</physical_start_addr>
      <partition_size>0x0000000000800000</partition_size>
      <region>UFS_LU2</region>
      <storage>HW_STORAGE_UFS</storage>
      <boundary_check>true</boundary_check>
      <is_reserved>false</is_reserved>
      <operation_type>INVISIBLE</operation_type>
      <is_upgradable>true</is_upgradable>
      <empty_boot_needed>false</empty_boot_needed>
      <combo_partsize_check>false</combo_partsize_check>
      <reserve>0x00</reserve>
    </partition_index>

    <partition_index name="SYS17">
      <partition_name>metadata</partition_name>
      <file_name>metadata.img</file_name>
      <is_download>true</is_download>
      <type>NORMAL_ROM</type>
      <linear_start_addr>0x0000000012e08000</linear_start_addr>
      <physical_start_addr>0x0000000012e08000</physical_start_addr>
      <partition_size>0x00000000049f8000</partition_size>
      <region>UFS_LU2</region>
      <storage>HW_STORAGE_UFS</storage>
      <boundary_check>true</boundary_check>
      <is_reserved>false</is_reserved>
      <operation_type>UPGRADE</operation_type>
      <is_upgradable>true</is_upgradable>
      <empty_boot_needed>false</empty_boot_needed>
      <combo_partsize_check>false</combo_partsize_check>
      <reserve>0x00</reserve>
    </partition_index>

    <partition_index name="SYS18">
      <partition_name>protect1</partition_name>
      <file_name>NONE</file_name>
      <is_download>false</is_download>
      <type>EXT4_IMG</type>
      <linear_start_addr>0x0000000017800000</linear_start_addr>
      <physical_start_addr>0x0000000017800000</physical_start_addr>
      <partition_size>0x0000000000800000</partition_size>
      <region>UFS_LU2</region>
      <storage>HW_STORAGE_UFS</storage>
      <boundary_check>true</boundary_check>
      <is_reserved>false</is_reserved>
      <operation_type>INVISIBLE</operation_type>
      <is_upgradable>false</is_upgradable>
      <empty_boot_needed>false</empty_boot_needed>
      <combo_partsize_check>false</combo_partsize_check>
      <reserve>0x00</reserve>
    </partition_index>

    <partition_index name="SYS19">
      <partition_name>protect2</partition_name>
      <file_name>NONE</file_name>
      <is_download>false</is_download>
      <type>EXT4_IMG</type>
      <linear_start_addr>0x0000000018000000</linear_start_addr>
      <physical_start_addr>0x0000000018000000</physical_start_addr>
      <partition_size>0x0000000000800000</partition_size>
      <region>UFS_LU2</region>
      <storage>HW_STORAGE_UFS</storage>
      <boundary_check>true</boundary_check>
      <is_reserved>false</is_reserved>
      <operation_type>INVISIBLE</operation_type>
      <is_upgradable>false</is_upgradable>
      <empty_boot_needed>false</empty_boot_needed>
      <combo_partsize_check>false</combo_partsize_check>
      <reserve>0x00</reserve>
    </partition_index>

    <partition_index name="SYS20">
      <partition_name>seccfg</partition_name>
      <file_name>NONE</file_name>
      <is_download>false</is_download>
      <type>NORMAL_ROM</type>
      <linear_start_addr>0x0000000018800000</linear_start_addr>
      <physical_start_addr>0x0000000018800000</physical_start_addr>
      <partition_size>0x0000000000800000</partition_size>
      <region>UFS_LU2</region>
      <storage>HW_STORAGE_UFS</storage>
      <boundary_check>true</boundary_check>
      <is_reserved>false</is_reserved>
      <operation_type>INVISIBLE</operation_type>
      <is_upgradable>false</is_upgradable>
      <empty_boot_needed>false</empty_boot_needed>
      <combo_partsize_check>false</combo_partsize_check>
      <reserve>0x00</reserve>
    </partition_index>

    <partition_index name="SYS21">
      <partition_name>otp</partition_name>
      <file_name>NONE</file_name>
      <is_download>false</is_download>
      <type>NORMAL_ROM</type>
      <linear_start_addr>0x0000000019000000</linear_start_addr>
      <physical_start_addr>0x0000000019000000</physical_start_addr>
      <partition_size>0x0000000002b00000</partition_size>
      <region>UFS_LU2</region>
      <storage>HW_STORAGE_UFS</storage>
      <boundary_check>true</boundary_check>
      <is_reserved>false</is_reserved>
      <operation_type>INVISIBLE</operation_type>
      <is_upgradable>false</is_upgradable>
      <empty_boot_needed>false</empty_boot_needed>
      <combo_partsize_check>false</combo_partsize_check>
      <reserve>0x00</reserve>
    </partition_index>

    <partition_index name="SYS22">
      <partition_name>pstore</partition_name>
      <file_name>NONE</file_name>
      <is_download>false</is_download>
      <type>NORMAL_ROM</type>
      <linear_start_addr>0x000000001bb00000</linear_start_addr>
      <physical_start_addr>0x000000001bb00000</physical_start_addr>
      <partition_size>0x0000000008500000</partition_size>
      <region>UFS_LU2</region>
      <storage>HW_STORAGE_UFS</storage>
      <boundary_check>true</boundary_check>
      <is_reserved>false</is_reserved>
      <operation_type>INVISIBLE</operation_type>
      <is_upgradable>false</is_upgradable>
      <empty_boot_needed>false</empty_boot_needed>
      <combo_partsize_check>false</combo_partsize_check>
      <reserve>0x00</reserve>
    </partition_index>

    <partition_index name="SYS23">
      <partition_name>modem_a</partition_name>
      <file_name>modem_a</file_name>
      <is_download>false</is_download>
      <type>NORMAL_ROM</type>
      <linear_start_addr>0x0000000024000000</linear_start_addr>
      <physical_start_addr>0x0000000024000000</physical_start_addr>
      <partition_size>0x000000000c800000</partition_size>
      <region>UFS_LU2</region>
      <storage>HW_STORAGE_UFS</storage>
      <boundary_check>true</boundary_check>
      <is_reserved>false</is_reserved>
      <operation_type>INVISIBLE</operation_type>
      <is_upgradable>true</is_upgradable>
      <empty_boot_needed>false</empty_boot_needed>
      <combo_partsize_check>false</combo_partsize_check>
      <reserve>0x00</reserve>
    </partition_index>

    <partition_index name="SYS24">
      <partition_name>spmfw_a</partition_name>
      <file_name>spmfw_a</file_name>
      <is_download>false</is_download>
      <type>NORMAL_ROM</type>
      <linear_start_addr>0x0000000030800000</linear_start_addr>
      <physical_start_addr>0x0000000030800000</physical_start_addr>
      <partition_size>0x0000000000100000</partition_size>
      <region>UFS_LU2</region>
      <storage>HW_STORAGE_UFS</storage>
      <boundary_check>true</boundary_check>
      <is_reserved>false</is_reserved>
      <operation_type>INVISIBLE</operation_type>
      <is_upgradable>true</is_upgradable>
      <empty_boot_needed>false</empty_boot_needed>
      <combo_partsize_check>false</combo_partsize_check>
      <reserve>0x00</reserve>
    </partition_index>

    <partition_index name="SYS25">
      <partition_name>mcf_ota_a</partition_name>
      <file_name>mcf_ota_a</file_name>
      <is_download>false</is_download>
      <type>EXT4_IMG</type>
      <linear_start_addr>0x0000000030900000</linear_start_addr>
      <physical_start_addr>0x0000000030900000</physical_start_addr>
      <partition_size>0x0000000002000000</partition_size>
      <region>UFS_LU2</region>
      <storage>HW_STORAGE_UFS</storage>
      <boundary_check>true</boundary_check>
      <is_reserved>false</is_reserved>
      <operation_type>INVISIBLE</operation_type>
      <is_upgradable>true</is_upgradable>
      <empty_boot_needed>false</empty_boot_needed>
      <combo_partsize_check>false</combo_partsize_check>
      <reserve>0x00</reserve>
    </partition_index>

    <partition_index name="SYS26">
      <partition_name>pi_img_a</partition_name>
      <file_name>pi_img_a</file_name>
      <is_download>false</is_download>
      <type>NORMAL_ROM</type>
      <linear_start_addr>0x0000000032900000</linear_start_addr>
      <physical_start_addr>0x0000000032900000</physical_start_addr>
      <partition_size>0x0000000000200000</partition_size>
      <region>UFS_LU2</region>
      <storage>HW_STORAGE_UFS</storage>
      <boundary_check>true</boundary_check>
      <is_reserved>false</is_reserved>
      <operation_type>INVISIBLE</operation_type>
      <is_upgradable>true</is_upgradable>
      <empty_boot_needed>false</empty_boot_needed>
      <combo_partsize_check>false</combo_partsize_check>
      <reserve>0x00</reserve>
    </partition_index>

    <partition_index name="SYS27">
      <partition_name>dpm_a</partition_name>
      <file_name>dpm_a</file_name>
      <is_download>false</is_download>
      <type>NORMAL_ROM</type>
      <linear_start_addr>0x0000000032b00000</linear_start_addr>
      <physical_start_addr>0x0000000032b00000</physical_start_addr>
      <partition_size>0x0000000000400000</partition_size>
      <region>UFS_LU2</region>
      <storage>HW_STORAGE_UFS</storage>
      <boundary_check>true</boundary_check>
      <is_reserved>false</is_reserved>
      <operation_type>INVISIBLE</operation_type>
      <is_upgradable>true</is_upgradable>
      <empty_boot_needed>false</empty_boot_needed>
      <combo_partsize_check>false</combo_partsize_check>
      <reserve>0x00</reserve>
    </partition_index>

    <partition_index name="SYS28">
      <partition_name>scp_a</partition_name>
      <file_name>scp_a</file_name>
      <is_download>false</is_download>
      <type>NORMAL_ROM</type>
      <linear_start_addr>0x0000000032f00000</linear_start_addr>
      <physical_start_addr>0x0000000032f00000</physical_start_addr>
      <partition_size>0x0000000000600000</partition_size>
      <region>UFS_LU2</region>
      <storage>HW_STORAGE_UFS</storage>
      <boundary_check>true</boundary_check>
      <is_reserved>false</is_reserved>
      <operation_type>INVISIBLE</operation_type>
      <is_upgradable>true</is_upgradable>
      <empty_boot_needed>false</empty_boot_needed>
      <combo_partsize_check>false</combo_partsize_check>
      <reserve>0x00</reserve>
    </partition_index>

    <partition_index name="SYS29">
      <partition_name>ccu_a</partition_name>
      <file_name>ccu_a</file_name>
      <is_download>false</is_download>
      <type>NORMAL_ROM</type>
      <linear_start_addr>0x0000000033500000</linear_start_addr>
      <physical_start_addr>0x0000000033500000</physical_start_addr>
      <partition_size>0x0000000000400000</partition_size>
      <region>UFS_LU2</region>
      <storage>HW_STORAGE_UFS</storage>
      <boundary_check>true</boundary_check>
      <is_reserved>false</is_reserved>
      <operation_type>INVISIBLE</operation_type>
      <is_upgradable>true</is_upgradable>
      <empty_boot_needed>false</empty_boot_needed>
      <combo_partsize_check>false</combo_partsize_check>
      <reserve>0x00</reserve>
    </partition_index>

    <partition_index name="SYS30">
      <partition_name>vcp_a</partition_name>
      <file_name>vcp_a</file_name>
      <is_download>false</is_download>
      <type>NORMAL_ROM</type>
      <linear_start_addr>0x0000000033900000</linear_start_addr>
      <physical_start_addr>0x0000000033900000</physical_start_addr>
      <partition_size>0x0000000000600000</partition_size>
      <region>UFS_LU2</region>
      <storage>HW_STORAGE_UFS</storage>
      <boundary_check>true</boundary_check>
      <is_reserved>false</is_reserved>
      <operation_type>INVISIBLE</operation_type>
      <is_upgradable>true</is_upgradable>
      <empty_boot_needed>false</empty_boot_needed>
      <combo_partsize_check>false</combo_partsize_check>
      <reserve>0x00</reserve>
    </partition_index>

    <partition_index name="SYS31">
      <partition_name>sspm_a</partition_name>
      <file_name>sspm_a</file_name>
      <is_download>false</is_download>
      <type>NORMAL_ROM</type>
      <linear_start_addr>0x0000000033f00000</linear_start_addr>
      <physical_start_addr>0x0000000033f00000</physical_start_addr>
      <partition_size>0x0000000000200000</partition_size>
      <region>UFS_LU2</region>
      <storage>HW_STORAGE_UFS</storage>
      <boundary_check>true</boundary_check>
      <is_reserved>false</is_reserved>
      <operation_type>INVISIBLE</operation_type>
      <is_upgradable>true</is_upgradable>
      <empty_boot_needed>false</empty_boot_needed>
      <combo_partsize_check>false</combo_partsize_check>
      <reserve>0x00</reserve>
    </partition_index>

    <partition_index name="SYS32">
      <partition_name>mcupm_a</partition_name>
      <file_name>mcupm_a</file_name>
      <is_download>false</is_download>
      <type>NORMAL_ROM</type>
      <linear_start_addr>0x0000000034100000</linear_start_addr>
      <physical_start_addr>0x0000000034100000</physical_start_addr>
      <partition_size>0x0000000000100000</partition_size>
      <region>UFS_LU2</region>
      <storage>HW_STORAGE_UFS</storage>
      <boundary_check>true</boundary_check>
      <is_reserved>false</is_reserved>
      <operation_type>INVISIBLE</operation_type>
      <is_upgradable>true</is_upgradable>
      <empty_boot_needed>false</empty_boot_needed>
      <combo_partsize_check>false</combo_partsize_check>
      <reserve>0x00</reserve>
    </partition_index>

    <partition_index name="SYS33">
      <partition_name>gpueb_a</partition_name>
      <file_name>gpueb_a</file_name>
      <is_download>false</is_download>
      <type>NORMAL_ROM</type>
      <linear_start_addr>0x0000000034200000</linear_start_addr>
      <physical_start_addr>0x0000000034200000</physical_start_addr>
      <partition_size>0x0000000000200000</partition_size>
      <region>UFS_LU2</region>
      <storage>HW_STORAGE_UFS</storage>
      <boundary_check>true</boundary_check>
      <is_reserved>false</is_reserved>
      <operation_type>INVISIBLE</operation_type>
      <is_upgradable>true</is_upgradable>
      <empty_boot_needed>false</empty_boot_needed>
      <combo_partsize_check>false</combo_partsize_check>
      <reserve>0x00</reserve>
    </partition_index>

    <partition_index name="SYS34">
      <partition_name>apusys_a</partition_name>
      <file_name>apusys_a</file_name>
      <is_download>false</is_download>
      <type>NORMAL_ROM</type>
      <linear_start_addr>0x0000000034400000</linear_start_addr>
      <physical_start_addr>0x0000000034400000</physical_start_addr>
      <partition_size>0x0000000000400000</partition_size>
      <region>UFS_LU2</region>
      <storage>HW_STORAGE_UFS</storage>
      <boundary_check>true</boundary_check>
      <is_reserved>false</is_reserved>
      <operation_type>INVISIBLE</operation_type>
      <is_upgradable>true</is_upgradable>
      <empty_boot_needed>false</empty_boot_needed>
      <combo_partsize_check>false</combo_partsize_check>
      <reserve>0x00</reserve>
    </partition_index>

    <partition_index name="SYS35">
      <partition_name>mvpu_algo_a</partition_name>
      <file_name>mvpu_algo_a</file_name>
      <is_download>false</is_download>
      <type>NORMAL_ROM</type>
      <linear_start_addr>0x0000000034800000</linear_start_addr>
      <physical_start_addr>0x0000000034800000</physical_start_addr>
      <partition_size>0x0000000004000000</partition_size>
      <region>UFS_LU2</region>
      <storage>HW_STORAGE_UFS</storage>
      <boundary_check>true</boundary_check>
      <is_reserved>false</is_reserved>
      <operation_type>INVISIBLE</operation_type>
      <is_upgradable>true</is_upgradable>
      <empty_boot_needed>false</empty_boot_needed>
      <combo_partsize_check>false</combo_partsize_check>
      <reserve>0x00</reserve>
    </partition_index>

    <partition_index name="SYS36">
      <partition_name>gz_a</partition_name>
      <file_name>gz_a</file_name>
      <is_download>false</is_download>
      <type>NORMAL_ROM</type>
      <linear_start_addr>0x0000000038800000</linear_start_addr>
      <physical_start_addr>0x0000000038800000</physical_start_addr>
      <partition_size>0x0000000002000000</partition_size>
      <region>UFS_LU2</region>
      <storage>HW_STORAGE_UFS</storage>
      <boundary_check>true</boundary_check>
      <is_reserved>false</is_reserved>
      <operation_type>INVISIBLE</operation_type>
      <is_upgradable>true</is_upgradable>
      <empty_boot_needed>false</empty_boot_needed>
      <combo_partsize_check>false</combo_partsize_check>
      <reserve>0x00</reserve>
    </partition_index>

    <partition_index name="SYS37">
      <partition_name>lk_a</partition_name>
      <file_name>lk_a</file_name>
      <is_download>false</is_download>
      <type>NORMAL_ROM</type>
      <linear_start_addr>0x000000003a800000</linear_start_addr>
      <physical_start_addr>0x000000003a800000</physical_start_addr>
      <partition_size>0x0000000001000000</partition_size>
      <region>UFS_LU2</region>
      <storage>HW_STORAGE_UFS</storage>
      <boundary_check>true</boundary_check>
      <is_reserved>false</is_reserved>
      <operation_type>INVISIBLE</operation_type>
      <is_upgradable>true</is_upgradable>
      <empty_boot_needed>false</empty_boot_needed>
      <combo_partsize_check>false</combo_partsize_check>
      <reserve>0x00</reserve>
    </partition_index>

    <partition_index name="SYS38">
      <partition_name>boot_a</partition_name>
      <file_name>boot.img</file_name>
      <is_download>true</is_download>
      <type>NORMAL_ROM</type>
      <linear_start_addr>0x000000003b800000</linear_start_addr>
      <physical_start_addr>0x000000003b800000</physical_start_addr>
      <partition_size>0x0000000004000000</partition_size>
      <region>UFS_LU2</region>
      <storage>HW_STORAGE_UFS</storage>
      <boundary_check>true</boundary_check>
      <is_reserved>false</is_reserved>
      <operation_type>UPDATE</operation_type>
      <is_upgradable>true</is_upgradable>
      <empty_boot_needed>false</empty_boot_needed>
      <combo_partsize_check>false</combo_partsize_check>
      <reserve>0x00</reserve>
    </partition_index>

    <partition_index name="SYS39">
      <partition_name>vendor_boot_a</partition_name>
      <file_name>vendor_boot.img</file_name>
      <is_download>true</is_download>
      <type>NORMAL_ROM</type>
      <linear_start_addr>0x000000003f800000</linear_start_addr>
      <physical_start_addr>0x000000003f800000</physical_start_addr>
      <partition_size>0x0000000004000000</partition_size>
      <region>UFS_LU2</region>
      <storage>HW_STORAGE_UFS</storage>
      <boundary_check>true</boundary_check>
      <is_reserved>false</is_reserved>
      <operation_type>UPDATE</operation_type>
      <is_upgradable>true</is_upgradable>
      <empty_boot_needed>false</empty_boot_needed>
      <combo_partsize_check>false</combo_partsize_check>
      <reserve>0x00</reserve>
    </partition_index>

    <partition_index name="SYS40">
      <partition_name>init_boot_a</partition_name>
      <file_name>init_boot.img</file_name>
      <is_download>true</is_download>
      <type>NORMAL_ROM</type>
      <linear_start_addr>0x0000000043800000</linear_start_addr>
      <physical_start_addr>0x0000000043800000</physical_start_addr>
      <partition_size>0x0000000000800000</partition_size>
      <region>UFS_LU2</region>
      <storage>HW_STORAGE_UFS</storage>
      <boundary_check>true</boundary_check>
      <is_reserved>false</is_reserved>
      <operation_type>UPDATE</operation_type>
      <is_upgradable>true</is_upgradable>
      <empty_boot_needed>false</empty_boot_needed>
      <combo_partsize_check>false</combo_partsize_check>
      <reserve>0x00</reserve>
    </partition_index>

    <partition_index name="SYS41">
      <partition_name>dtbo_a</partition_name>
      <file_name>dtbo_a</file_name>
      <is_download>false</is_download>
      <type>NORMAL_ROM</type>
      <linear_start_addr>0x0000000044000000</linear_start_addr>
      <physical_start_addr>0x0000000044000000</physical_start_addr>
      <partition_size>0x0000000000800000</partition_size>
      <region>UFS_LU2</region>
      <storage>HW_STORAGE_UFS</storage>
      <boundary_check>true</boundary_check>
      <is_reserved>false</is_reserved>
      <operation_type>INVISIBLE</operation_type>
      <is_upgradable>true</is_upgradable>
      <empty_boot_needed>false</empty_boot_needed>
      <combo_partsize_check>false</combo_partsize_check>
      <reserve>0x00</reserve>
    </partition_index>

    <partition_index name="SYS42">
      <partition_name>tee_a</partition_name>
      <file_name>tee_a</file_name>
      <is_download>false</is_download>
      <type>NORMAL_ROM</type>
      <linear_start_addr>0x0000000044800000</linear_start_addr>
      <physical_start_addr>0x0000000044800000</physical_start_addr>
      <partition_size>0x0000000000500000</partition_size>
      <region>UFS_LU2</region>
      <storage>HW_STORAGE_UFS</storage>
      <boundary_check>true</boundary_check>
      <is_reserved>false</is_reserved>
      <operation_type>INVISIBLE</operation_type>
      <is_upgradable>true</is_upgradable>
      <empty_boot_needed>false</empty_boot_needed>
      <combo_partsize_check>false</combo_partsize_check>
      <reserve>0x00</reserve>
    </partition_index>

    <partition_index name="SYS43">
      <partition_name>connsys_bt_a</partition_name>
      <file_name>connsys_bt_a</file_name>
      <is_download>false</is_download>
      <type>NORMAL_ROM</type>
      <linear_start_addr>0x0000000044d00000</linear_start_addr>
      <physical_start_addr>0x0000000044d00000</physical_start_addr>
      <partition_size>0x0000000000800000</partition_size>
      <region>UFS_LU2</region>
      <storage>HW_STORAGE_UFS</storage>
      <boundary_check>true</boundary_check>
      <is_reserved>false</is_reserved>
      <operation_type>INVISIBLE</operation_type>
      <is_upgradable>true</is_upgradable>
      <empty_boot_needed>false</empty_boot_needed>
      <combo_partsize_check>false</combo_partsize_check>
      <reserve>0x00</reserve>
    </partition_index>

    <partition_index name="SYS44">
      <partition_name>connsys_wifi_a</partition_name>
      <file_name>connsys_wifi_a</file_name>
      <is_download>false</is_download>
      <type>NORMAL_ROM</type>
      <linear_start_addr>0x0000000045500000</linear_start_addr>
      <physical_start_addr>0x0000000045500000</physical_start_addr>
      <partition_size>0x0000000000800000</partition_size>
      <region>UFS_LU2</region>
      <storage>HW_STORAGE_UFS</storage>
      <boundary_check>true</boundary_check>
      <is_reserved>false</is_reserved>
      <operation_type>INVISIBLE</operation_type>
      <is_upgradable>true</is_upgradable>
      <empty_boot_needed>false</empty_boot_needed>
      <combo_partsize_check>false</combo_partsize_check>
      <reserve>0x00</reserve>
    </partition_index>

    <partition_index name="SYS45">
      <partition_name>connsys_gnss_a</partition_name>
      <file_name>connsys_gnss_a</file_name>
      <is_download>false</is_download>
      <type>NORMAL_ROM</type>
      <linear_start_addr>0x0000000045d00000</linear_start_addr>
      <physical_start_addr>0x0000000045d00000</physical_start_addr>
      <partition_size>0x0000000000800000</partition_size>
      <region>UFS_LU2</region>
      <storage>HW_STORAGE_UFS</storage>
      <boundary_check>true</boundary_check>
      <is_reserved>false</is_reserved>
      <operation_type>INVISIBLE</operation_type>
      <is_upgradable>true</is_upgradable>
      <empty_boot_needed>false</empty_boot_needed>
      <combo_partsize_check>false</combo_partsize_check>
      <reserve>0x00</reserve>
    </partition_index>

    <partition_index name="SYS46">
      <partition_name>pvmfw_a</partition_name>
      <file_name>pvmfw_a</file_name>
      <is_download>false</is_download>
      <type>NORMAL_ROM</type>
      <linear_start_addr>0x0000000046500000</linear_start_addr>
      <physical_start_addr>0x0000000046500000</physical_start_addr>
      <partition_size>0x0000000000400000</partition_size>
      <region>UFS_LU2</region>
      <storage>HW_STORAGE_UFS</storage>
      <boundary_check>true</boundary_check>
      <is_reserved>false</is_reserved>
      <operation_type>INVISIBLE</operation_type>
      <is_upgradable>false</is_upgradable>
      <empty_boot_needed>false</empty_boot_needed>
      <combo_partsize_check>false</combo_partsize_check>
      <reserve>0x00</reserve>
    </partition_index>

    <partition_index name="SYS47">
      <partition_name>logo_a</partition_name>
      <file_name>logo_a</file_name>
      <is_download>false</is_download>
      <type>NORMAL_ROM</type>
      <linear_start_addr>0x0000000046900000</linear_start_addr>
      <physical_start_addr>0x0000000046900000</physical_start_addr>
      <partition_size>0x0000000000f00000</partition_size>
      <region>UFS_LU2</region>
      <storage>HW_STORAGE_UFS</storage>
      <boundary_check>true</boundary_check>
      <is_reserved>false</is_reserved>
      <operation_type>INVISIBLE</operation_type>
      <is_upgradable>true</is_upgradable>
      <empty_boot_needed>false</empty_boot_needed>
      <combo_partsize_check>false</combo_partsize_check>
      <reserve>0x00</reserve>
    </partition_index>

    <partition_index name="SYS48">
      <partition_name>sec1</partition_name>
      <file_name>NONE</file_name>
      <is_download>false</is_download>
      <type>NORMAL_ROM</type>
      <linear_start_addr>0x0000000047800000</linear_start_addr>
      <physical_start_addr>0x0000000047800000</physical_start_addr>
      <partition_size>0x0000000000200000</partition_size>
      <region>UFS_LU2</region>
      <storage>HW_STORAGE_UFS</storage>
      <boundary_check>true</boundary_check>
      <is_reserved>false</is_reserved>
      <operation_type>INVISIBLE</operation_type>
      <is_upgradable>false</is_upgradable>
      <empty_boot_needed>false</empty_boot_needed>
      <combo_partsize_check>false</combo_partsize_check>
      <reserve>0x00</reserve>
    </partition_index>

    <partition_index name="SYS49">
      <partition_name>proinfo</partition_name>
      <file_name>NONE</file_name>
      <is_download>false</is_download>
      <type>NORMAL_ROM</type>
      <linear_start_addr>0x0000000047a00000</linear_start_addr>
      <physical_start_addr>0x0000000047a00000</physical_start_addr>
      <partition_size>0x0000000000300000</partition_size>
      <region>UFS_LU2</region>
      <storage>HW_STORAGE_UFS</storage>
      <boundary_check>true</boundary_check>
      <is_reserved>false</is_reserved>
      <operation_type>INVISIBLE</operation_type>
      <is_upgradable>false</is_upgradable>
      <empty_boot_needed>false</empty_boot_needed>
      <combo_partsize_check>false</combo_partsize_check>
      <reserve>0x00</reserve>
    </partition_index>

    <partition_index name="SYS50">
      <partition_name>nvram</partition_name>
      <file_name>nvram</file_name>
      <is_download>false</is_download>
      <type>NORMAL_ROM</type>
      <linear_start_addr>0x0000000047d00000</linear_start_addr>
      <physical_start_addr>0x0000000047d00000</physical_start_addr>
      <partition_size>0x0000000004000000</partition_size>
      <region>UFS_LU2</region>
      <storage>HW_STORAGE_UFS</storage>
      <boundary_check>true</boundary_check>
      <is_reserved>false</is_reserved>
      <operation_type>INVISIBLE</operation_type>
      <is_upgradable>false</is_upgradable>
      <empty_boot_needed>false</empty_boot_needed>
      <combo_partsize_check>false</combo_partsize_check>
      <reserve>0x00</reserve>
    </partition_index>

    <partition_index name="SYS51">
      <partition_name>boot_para</partition_name>
      <file_name>boot_para</file_name>
      <is_download>false</is_download>
      <type>NORMAL_ROM</type>
      <linear_start_addr>0x000000004bd00000</linear_start_addr>
      <physical_start_addr>0x000000004bd00000</physical_start_addr>
      <partition_size>0x0000000000100000</partition_size>
      <region>UFS_LU2</region>
      <storage>HW_STORAGE_UFS</storage>
      <boundary_check>true</boundary_check>
      <is_reserved>false</is_reserved>
      <operation_type>INVISIBLE</operation_type>
      <is_upgradable>true</is_upgradable>
      <empty_boot_needed>false</empty_boot_needed>
      <combo_partsize_check>false</combo_partsize_check>
      <reserve>0x00</reserve>
    </partition_index>

    <partition_index name="SYS52">
      <partition_name>dram_para</partition_name>
      <file_name>dram_para</file_name>
      <is_download>false</is_download>
      <type>NORMAL_ROM</type>
      <linear_start_addr>0x000000004be00000</linear_start_addr>
      <physical_start_addr>0x000000004be00000</physical_start_addr>
      <partition_size>0x0000000001a00000</partition_size>
      <region>UFS_LU2</region>
      <storage>HW_STORAGE_UFS</storage>
      <boundary_check>true</boundary_check>
      <is_reserved>false</is_reserved>
      <operation_type>INVISIBLE</operation_type>
      <is_upgradable>true</is_upgradable>
      <empty_boot_needed>false</empty_boot_needed>
      <combo_partsize_check>false</combo_partsize_check>
      <reserve>0x00</reserve>
    </partition_index>

    <partition_index name="SYS53">
      <partition_name>modem_b</partition_name>
      <file_name>modem_b</file_name>
      <is_download>false</is_download>
      <type>NORMAL_ROM</type>
      <linear_start_addr>0x000000004d800000</linear_start_addr>
      <physical_start_addr>0x000000004d800000</physical_start_addr>
      <partition_size>0x000000000c800000</partition_size>
      <region>UFS_LU2</region>
      <storage>HW_STORAGE_UFS</storage>
      <boundary_check>true</boundary_check>
      <is_reserved>false</is_reserved>
      <operation_type>INVISIBLE</operation_type>
      <is_upgradable>true</is_upgradable>
      <empty_boot_needed>false</empty_boot_needed>
      <combo_partsize_check>false</combo_partsize_check>
      <reserve>0x00</reserve>
    </partition_index>

    <partition_index name="SYS54">
      <partition_name>spmfw_b</partition_name>
      <file_name>spmfw_b</file_name>
      <is_download>false</is_download>
      <type>NORMAL_ROM</type>
      <linear_start_addr>0x000000005a000000</linear_start_addr>
      <physical_start_addr>0x000000005a000000</physical_start_addr>
      <partition_size>0x0000000000100000</partition_size>
      <region>UFS_LU2</region>
      <storage>HW_STORAGE_UFS</storage>
      <boundary_check>true</boundary_check>
      <is_reserved>false</is_reserved>
      <operation_type>INVISIBLE</operation_type>
      <is_upgradable>true</is_upgradable>
      <empty_boot_needed>false</empty_boot_needed>
      <combo_partsize_check>false</combo_partsize_check>
      <reserve>0x00</reserve>
    </partition_index>

    <partition_index name="SYS55">
      <partition_name>mcf_ota_b</partition_name>
      <file_name>mcf_ota_b</file_name>
      <is_download>false</is_download>
      <type>EXT4_IMG</type>
      <linear_start_addr>0x000000005a100000</linear_start_addr>
      <physical_start_addr>0x000000005a100000</physical_start_addr>
      <partition_size>0x0000000002000000</partition_size>
      <region>UFS_LU2</region>
      <storage>HW_STORAGE_UFS</storage>
      <boundary_check>true</boundary_check>
      <is_reserved>false</is_reserved>
      <operation_type>INVISIBLE</operation_type>
      <is_upgradable>true</is_upgradable>
      <empty_boot_needed>false</empty_boot_needed>
      <combo_partsize_check>false</combo_partsize_check>
      <reserve>0x00</reserve>
    </partition_index>

    <partition_index name="SYS56">
      <partition_name>pi_img_b</partition_name>
      <file_name>pi_img_b</file_name>
      <is_download>false</is_download>
      <type>NORMAL_ROM</type>
      <linear_start_addr>0x000000005c100000</linear_start_addr>
      <physical_start_addr>0x000000005c100000</physical_start_addr>
      <partition_size>0x0000000000200000</partition_size>
      <region>UFS_LU2</region>
      <storage>HW_STORAGE_UFS</storage>
      <boundary_check>true</boundary_check>
      <is_reserved>false</is_reserved>
      <operation_type>INVISIBLE</operation_type>
      <is_upgradable>true</is_upgradable>
      <empty_boot_needed>false</empty_boot_needed>
      <combo_partsize_check>false</combo_partsize_check>
      <reserve>0x00</reserve>
    </partition_index>

    <partition_index name="SYS57">
      <partition_name>dpm_b</partition_name>
      <file_name>dpm_b</file_name>
      <is_download>false</is_download>
      <type>NORMAL_ROM</type>
      <linear_start_addr>0x000000005c300000</linear_start_addr>
      <physical_start_addr>0x000000005c300000</physical_start_addr>
      <partition_size>0x0000000000400000</partition_size>
      <region>UFS_LU2</region>
      <storage>HW_STORAGE_UFS</storage>
      <boundary_check>true</boundary_check>
      <is_reserved>false</is_reserved>
      <operation_type>INVISIBLE</operation_type>
      <is_upgradable>true</is_upgradable>
      <empty_boot_needed>false</empty_boot_needed>
      <combo_partsize_check>false</combo_partsize_check>
      <reserve>0x00</reserve>
    </partition_index>

    <partition_index name="SYS58">
      <partition_name>scp_b</partition_name>
      <file_name>scp_b</file_name>
      <is_download>false</is_download>
      <type>NORMAL_ROM</type>
      <linear_start_addr>0x000000005c700000</linear_start_addr>
      <physical_start_addr>0x000000005c700000</physical_start_addr>
      <partition_size>0x0000000000600000</partition_size>
      <region>UFS_LU2</region>
      <storage>HW_STORAGE_UFS</storage>
      <boundary_check>true</boundary_check>
      <is_reserved>false</is_reserved>
      <operation_type>INVISIBLE</operation_type>
      <is_upgradable>true</is_upgradable>
      <empty_boot_needed>false</empty_boot_needed>
      <combo_partsize_check>false</combo_partsize_check>
      <reserve>0x00</reserve>
    </partition_index>

    <partition_index name="SYS59">
      <partition_name>ccu_b</partition_name>
      <file_name>ccu_b</file_name>
      <is_download>false</is_download>
      <type>NORMAL_ROM</type>
      <linear_start_addr>0x000000005cd00000</linear_start_addr>
      <physical_start_addr>0x000000005cd00000</physical_start_addr>
      <partition_size>0x0000000000400000</partition_size>
      <region>UFS_LU2</region>
      <storage>HW_STORAGE_UFS</storage>
      <boundary_check>true</boundary_check>
      <is_reserved>false</is_reserved>
      <operation_type>INVISIBLE</operation_type>
      <is_upgradable>true</is_upgradable>
      <empty_boot_needed>false</empty_boot_needed>
      <combo_partsize_check>false</combo_partsize_check>
      <reserve>0x00</reserve>
    </partition_index>

    <partition_index name="SYS60">
      <partition_name>vcp_b</partition_name>
      <file_name>vcp_b</file_name>
      <is_download>false</is_download>
      <type>NORMAL_ROM</type>
      <linear_start_addr>0x000000005d100000</linear_start_addr>
      <physical_start_addr>0x000000005d100000</physical_start_addr>
      <partition_size>0x0000000000600000</partition_size>
      <region>UFS_LU2</region>
      <storage>HW_STORAGE_UFS</storage>
      <boundary_check>true</boundary_check>
      <is_reserved>false</is_reserved>
      <operation_type>INVISIBLE</operation_type>
      <is_upgradable>true</is_upgradable>
      <empty_boot_needed>false</empty_boot_needed>
      <combo_partsize_check>false</combo_partsize_check>
      <reserve>0x00</reserve>
    </partition_index>

    <partition_index name="SYS61">
      <partition_name>sspm_b</partition_name>
      <file_name>sspm_b</file_name>
      <is_download>false</is_download>
      <type>NORMAL_ROM</type>
      <linear_start_addr>0x000000005d700000</linear_start_addr>
      <physical_start_addr>0x000000005d700000</physical_start_addr>
      <partition_size>0x0000000000200000</partition_size>
      <region>UFS_LU2</region>
      <storage>HW_STORAGE_UFS</storage>
      <boundary_check>true</boundary_check>
      <is_reserved>false</is_reserved>
      <operation_type>INVISIBLE</operation_type>
      <is_upgradable>true</is_upgradable>
      <empty_boot_needed>false</empty_boot_needed>
      <combo_partsize_check>false</combo_partsize_check>
      <reserve>0x00</reserve>
    </partition_index>

    <partition_index name="SYS62">
      <partition_name>mcupm_b</partition_name>
      <file_name>mcupm_b</file_name>
      <is_download>false</is_download>
      <type>NORMAL_ROM</type>
      <linear_start_addr>0x000000005d900000</linear_start_addr>
      <physical_start_addr>0x000000005d900000</physical_start_addr>
      <partition_size>0x0000000000100000</partition_size>
      <region>UFS_LU2</region>
      <storage>HW_STORAGE_UFS</storage>
      <boundary_check>true</boundary_check>
      <is_reserved>false</is_reserved>
      <operation_type>INVISIBLE</operation_type>
      <is_upgradable>true</is_upgradable>
      <empty_boot_needed>false</empty_boot_needed>
      <combo_partsize_check>false</combo_partsize_check>
      <reserve>0x00</reserve>
    </partition_index>

    <partition_index name="SYS63">
      <partition_name>gpueb_b</partition_name>
      <file_name>gpueb_b</file_name>
      <is_download>false</is_download>
      <type>NORMAL_ROM</type>
      <linear_start_addr>0x000000005da00000</linear_start_addr>
      <physical_start_addr>0x000000005da00000</physical_start_addr>
      <partition_size>0x0000000000200000</partition_size>
      <region>UFS_LU2</region>
      <storage>HW_STORAGE_UFS</storage>
      <boundary_check>true</boundary_check>
      <is_reserved>false</is_reserved>
      <operation_type>INVISIBLE</operation_type>
      <is_upgradable>true</is_upgradable>
      <empty_boot_needed>false</empty_boot_needed>
      <combo_partsize_check>false</combo_partsize_check>
      <reserve>0x00</reserve>
    </partition_index>

    <partition_index name="SYS64">
      <partition_name>apusys_b</partition_name>
      <file_name>apusys_b</file_name>
      <is_download>false</is_download>
      <type>NORMAL_ROM</type>
      <linear_start_addr>0x000000005dc00000</linear_start_addr>
      <physical_start_addr>0x000000005dc00000</physical_start_addr>
      <partition_size>0x0000000000400000</partition_size>
      <region>UFS_LU2</region>
      <storage>HW_STORAGE_UFS</storage>
      <boundary_check>true</boundary_check>
      <is_reserved>false</is_reserved>
      <operation_type>INVISIBLE</operation_type>
      <is_upgradable>true</is_upgradable>
      <empty_boot_needed>false</empty_boot_needed>
      <combo_partsize_check>false</combo_partsize_check>
      <reserve>0x00</reserve>
    </partition_index>

    <partition_index name="SYS65">
      <partition_name>mvpu_algo_b</partition_name>
      <file_name>mvpu_algo_b</file_name>
      <is_download>false</is_download>
      <type>NORMAL_ROM</type>
      <linear_start_addr>0x000000005e000000</linear_start_addr>
      <physical_start_addr>0x000000005e000000</physical_start_addr>
      <partition_size>0x0000000004000000</partition_size>
      <region>UFS_LU2</region>
      <storage>HW_STORAGE_UFS</storage>
      <boundary_check>true</boundary_check>
      <is_reserved>false</is_reserved>
      <operation_type>INVISIBLE</operation_type>
      <is_upgradable>true</is_upgradable>
      <empty_boot_needed>false</empty_boot_needed>
      <combo_partsize_check>false</combo_partsize_check>
      <reserve>0x00</reserve>
    </partition_index>

    <partition_index name="SYS66">
      <partition_name>gz_b</partition_name>
      <file_name>gz_b</file_name>
      <is_download>false</is_download>
      <type>NORMAL_ROM</type>
      <linear_start_addr>0x0000000062000000</linear_start_addr>
      <physical_start_addr>0x0000000062000000</physical_start_addr>
      <partition_size>0x0000000002000000</partition_size>
      <region>UFS_LU2</region>
      <storage>HW_STORAGE_UFS</storage>
      <boundary_check>true</boundary_check>
      <is_reserved>false</is_reserved>
      <operation_type>INVISIBLE</operation_type>
      <is_upgradable>true</is_upgradable>
      <empty_boot_needed>false</empty_boot_needed>
      <combo_partsize_check>false</combo_partsize_check>
      <reserve>0x00</reserve>
    </partition_index>

    <partition_index name="SYS67">
      <partition_name>lk_b</partition_name>
      <file_name>lk_b</file_name>
      <is_download>false</is_download>
      <type>NORMAL_ROM</type>
      <linear_start_addr>0x0000000064000000</linear_start_addr>
      <physical_start_addr>0x0000000064000000</physical_start_addr>
      <partition_size>0x0000000001000000</partition_size>
      <region>UFS_LU2</region>
      <storage>HW_STORAGE_UFS</storage>
      <boundary_check>true</boundary_check>
      <is_reserved>false</is_reserved>
      <operation_type>INVISIBLE</operation_type>
      <is_upgradable>true</is_upgradable>
      <empty_boot_needed>false</empty_boot_needed>
      <combo_partsize_check>false</combo_partsize_check>
      <reserve>0x00</reserve>
    </partition_index>

    <partition_index name="SYS68">
      <partition_name>boot_b</partition_name>
      <file_name>boot.img</file_name>
      <is_download>true</is_download>
      <type>NORMAL_ROM</type>
      <linear_start_addr>0x0000000065000000</linear_start_addr>
      <physical_start_addr>0x0000000065000000</physical_start_addr>
      <partition_size>0x0000000004000000</partition_size>
      <region>UFS_LU2</region>
      <storage>HW_STORAGE_UFS</storage>
      <boundary_check>true</boundary_check>
      <is_reserved>false</is_reserved>
      <operation_type>UPDATE</operation_type>
      <is_upgradable>true</is_upgradable>
      <empty_boot_needed>false</empty_boot_needed>
      <combo_partsize_check>false</combo_partsize_check>
      <reserve>0x00</reserve>
    </partition_index>

    <partition_index name="SYS69">
      <partition_name>vendor_boot_b</partition_name>
      <file_name>vendor_boot.img</file_name>
      <is_download>true</is_download>
      <type>NORMAL_ROM</type>
      <linear_start_addr>0x0000000069000000</linear_start_addr>
      <physical_start_addr>0x0000000069000000</physical_start_addr>
      <partition_size>0x0000000004000000</partition_size>
      <region>UFS_LU2</region>
      <storage>HW_STORAGE_UFS</storage>
      <boundary_check>true</boundary_check>
      <is_reserved>false</is_reserved>
      <operation_type>UPDATE</operation_type>
      <is_upgradable>true</is_upgradable>
      <empty_boot_needed>false</empty_boot_needed>
      <combo_partsize_check>false</combo_partsize_check>
      <reserve>0x00</reserve>
    </partition_index>

    <partition_index name="SYS70">
      <partition_name>init_boot_b</partition_name>
      <file_name>init_boot.img</file_name>
      <is_download>true</is_download>
      <type>NORMAL_ROM</type>
      <linear_start_addr>0x000000006d000000</linear_start_addr>
      <physical_start_addr>0x000000006d000000</physical_start_addr>
      <partition_size>0x0000000000800000</partition_size>
      <region>UFS_LU2</region>
      <storage>HW_STORAGE_UFS</storage>
      <boundary_check>true</boundary_check>
      <is_reserved>false</is_reserved>
      <operation_type>UPDATE</operation_type>
      <is_upgradable>true</is_upgradable>
      <empty_boot_needed>false</empty_boot_needed>
      <combo_partsize_check>false</combo_partsize_check>
      <reserve>0x00</reserve>
    </partition_index>

    <partition_index name="SYS71">
      <partition_name>connsys_bt_b</partition_name>
      <file_name>connsys_bt_b</file_name>
      <is_download>false</is_download>
      <type>NORMAL_ROM</type>
      <linear_start_addr>0x000000006d800000</linear_start_addr>
      <physical_start_addr>0x000000006d800000</physical_start_addr>
      <partition_size>0x0000000000800000</partition_size>
      <region>UFS_LU2</region>
      <storage>HW_STORAGE_UFS</storage>
      <boundary_check>true</boundary_check>
      <is_reserved>false</is_reserved>
      <operation_type>INVISIBLE</operation_type>
      <is_upgradable>true</is_upgradable>
      <empty_boot_needed>false</empty_boot_needed>
      <combo_partsize_check>false</combo_partsize_check>
      <reserve>0x00</reserve>
    </partition_index>

    <partition_index name="SYS72">
      <partition_name>connsys_wifi_b</partition_name>
      <file_name>connsys_wifi_b</file_name>
      <is_download>false</is_download>
      <type>NORMAL_ROM</type>
      <linear_start_addr>0x000000006e000000</linear_start_addr>
      <physical_start_addr>0x000000006e000000</physical_start_addr>
      <partition_size>0x0000000000800000</partition_size>
      <region>UFS_LU2</region>
      <storage>HW_STORAGE_UFS</storage>
      <boundary_check>true</boundary_check>
      <is_reserved>false</is_reserved>
      <operation_type>INVISIBLE</operation_type>
      <is_upgradable>true</is_upgradable>
      <empty_boot_needed>false</empty_boot_needed>
      <combo_partsize_check>false</combo_partsize_check>
      <reserve>0x00</reserve>
    </partition_index>

    <partition_index name="SYS73">
      <partition_name>connsys_gnss_b</partition_name>
      <file_name>connsys_gnss_b</file_name>
      <is_download>false</is_download>
      <type>NORMAL_ROM</type>
      <linear_start_addr>0x000000006e800000</linear_start_addr>
      <physical_start_addr>0x000000006e800000</physical_start_addr>
      <partition_size>0x0000000000800000</partition_size>
      <region>UFS_LU2</region>
      <storage>HW_STORAGE_UFS</storage>
      <boundary_check>true</boundary_check>
      <is_reserved>false</is_reserved>
      <operation_type>INVISIBLE</operation_type>
      <is_upgradable>true</is_upgradable>
      <empty_boot_needed>false</empty_boot_needed>
      <combo_partsize_check>false</combo_partsize_check>
      <reserve>0x00</reserve>
    </partition_index>

    <partition_index name="SYS74">
      <partition_name>dtbo_b</partition_name>
      <file_name>dtbo_b</file_name>
      <is_download>false</is_download>
      <type>NORMAL_ROM</type>
      <linear_start_addr>0x000000006f000000</linear_start_addr>
      <physical_start_addr>0x000000006f000000</physical_start_addr>
      <partition_size>0x0000000000800000</partition_size>
      <region>UFS_LU2</region>
      <storage>HW_STORAGE_UFS</storage>
      <boundary_check>true</boundary_check>
      <is_reserved>false</is_reserved>
      <operation_type>INVISIBLE</operation_type>
      <is_upgradable>true</is_upgradable>
      <empty_boot_needed>false</empty_boot_needed>
      <combo_partsize_check>false</combo_partsize_check>
      <reserve>0x00</reserve>
    </partition_index>

    <partition_index name="SYS75">
      <partition_name>pvmfw_b</partition_name>
      <file_name>pvmfw_b</file_name>
      <is_download>false</is_download>
      <type>NORMAL_ROM</type>
      <linear_start_addr>0x000000006f800000</linear_start_addr>
      <physical_start_addr>0x000000006f800000</physical_start_addr>
      <partition_size>0x0000000000800000</partition_size>
      <region>UFS_LU2</region>
      <storage>HW_STORAGE_UFS</storage>
      <boundary_check>true</boundary_check>
      <is_reserved>false</is_reserved>
      <operation_type>INVISIBLE</operation_type>
      <is_upgradable>true</is_upgradable>
      <empty_boot_needed>false</empty_boot_needed>
      <combo_partsize_check>false</combo_partsize_check>
      <reserve>0x00</reserve>
    </partition_index>

    <partition_index name="SYS76">
      <partition_name>middata</partition_name>
      <file_name>middata</file_name>
      <is_download>false</is_download>
      <type>NORMAL_ROM</type>
      <linear_start_addr>0x0000000070000000</linear_start_addr>
      <physical_start_addr>0x0000000070000000</physical_start_addr>
      <partition_size>0x0000000001000000</partition_size>
      <region>UFS_LU2</region>
      <storage>HW_STORAGE_UFS</storage>
      <boundary_check>true</boundary_check>
      <is_reserved>false</is_reserved>
      <operation_type>INVISIBLE</operation_type>
      <is_upgradable>false</is_upgradable>
      <empty_boot_needed>false</empty_boot_needed>
      <combo_partsize_check>false</combo_partsize_check>
      <reserve>0x00</reserve>
    </partition_index>

    <partition_index name="SYS77">
      <partition_name>logo_b</partition_name>
      <file_name>logo_b</file_name>
      <is_download>false</is_download>
      <type>NORMAL_ROM</type>
      <linear_start_addr>0x0000000071000000</linear_start_addr>
      <physical_start_addr>0x0000000071000000</physical_start_addr>
      <partition_size>0x0000000000900000</partition_size>
      <region>UFS_LU2</region>
      <storage>HW_STORAGE_UFS</storage>
      <boundary_check>true</boundary_check>
      <is_reserved>false</is_reserved>
      <operation_type>INVISIBLE</operation_type>
      <is_upgradable>true</is_upgradable>
      <empty_boot_needed>false</empty_boot_needed>
      <combo_partsize_check>false</combo_partsize_check>
      <reserve>0x00</reserve>
    </partition_index>

    <partition_index name="SYS78">
      <partition_name>tee_b</partition_name>
      <file_name>tee_b</file_name>
      <is_download>false</is_download>
      <type>NORMAL_ROM</type>
      <linear_start_addr>0x0000000071900000</linear_start_addr>
      <physical_start_addr>0x0000000071900000</physical_start_addr>
      <partition_size>0x0000000000700000</partition_size>
      <region>UFS_LU2</region>
      <storage>HW_STORAGE_UFS</storage>
      <boundary_check>true</boundary_check>
      <is_reserved>false</is_reserved>
      <operation_type>INVISIBLE</operation_type>
      <is_upgradable>true</is_upgradable>
      <empty_boot_needed>false</empty_boot_needed>
      <combo_partsize_check>false</combo_partsize_check>
      <reserve>0x00</reserve>
    </partition_index>

    <partition_index name="SYS79">
      <partition_name>super</partition_name>
      <file_name>super_full.img</file_name>
      <is_download>true</is_download>
      <type>NORMAL_ROM</type>
      <linear_start_addr>0x0000000072000000</linear_start_addr>
      <physical_start_addr>0x0000000072000000</physical_start_addr>
      <partition_size>0x0000000240000000</partition_size>
      <region>UFS_LU2</region>
      <storage>HW_STORAGE_UFS</storage>
      <boundary_check>true</boundary_check>
      <is_reserved>false</is_reserved>
      <operation_type>UPDATE</operation_type>
      <is_upgradable>true</is_upgradable>
      <empty_boot_needed>false</empty_boot_needed>
      <combo_partsize_check>false</combo_partsize_check>
      <reserve>0x00</reserve>
    </partition_index>

    <partition_index name="SYS80">
      <partition_name>userdata</partition_name>
      <file_name>userdata.img</file_name>
      <is_download>true</is_download>
      <type>NORMAL_ROM</type>
      <linear_start_addr>0x00000002b2000000</linear_start_addr>
      <physical_start_addr>0x00000002b2000000</physical_start_addr>
      <partition_size>0x00000038d2ff8000</partition_size>
      <region>UFS_LU2</region>
      <storage>HW_STORAGE_UFS</storage>
      <boundary_check>true</boundary_check>
      <is_reserved>false</is_reserved>
      <operation_type>UPDATE</operation_type>
      <is_upgradable>true</is_upgradable>
      <empty_boot_needed>false</empty_boot_needed>
      <combo_partsize_check>false</combo_partsize_check>
      <reserve>0x00</reserve>
    </partition_index>

    <partition_index name="SYS81">
      <partition_name>mrdump</partition_name>
      <file_name>mrdump</file_name>
      <is_download>false</is_download>
      <type>NORMAL_ROM</type>
      <linear_start_addr>0x0000003b84ff8000</linear_start_addr>
      <physical_start_addr>0x0000003b84ff8000</physical_start_addr>
      <partition_size>0x0000000010000000</partition_size>
      <region>UFS_LU2</region>
      <storage>HW_STORAGE_UFS</storage>
      <boundary_check>true</boundary_check>
      <is_reserved>false</is_reserved>
      <operation_type>INVISIBLE</operation_type>
      <is_upgradable>false</is_upgradable>
      <empty_boot_needed>false</empty_boot_needed>
      <combo_partsize_check>false</combo_partsize_check>
      <reserve>0x00</reserve>
    </partition_index>

    <partition_index name="SYS82">
      <partition_name>flashinfo</partition_name>
      <file_name>NONE</file_name>
      <is_download>false</is_download>
      <type>NORMAL_ROM</type>
      <linear_start_addr>0x0000003b94ff8000</linear_start_addr>
      <physical_start_addr>0x0000003b94ff8000</physical_start_addr>
      <partition_size>0x0000000001000000</partition_size>
      <region>UFS_LU2</region>
      <storage>HW_STORAGE_UFS</storage>
      <boundary_check>false</boundary_check>
      <is_reserved>true</is_reserved>
      <operation_type>INVISIBLE</operation_type>
      <is_upgradable>false</is_upgradable>
      <empty_boot_needed>false</empty_boot_needed>
      <combo_partsize_check>false</combo_partsize_check>
      <reserve>0x00</reserve>
    </partition_index>

    <partition_index name="SYS83">
      <partition_name>sgpt</partition_name>
      <file_name>NONE</file_name>
      <is_download>false</is_download>
      <type>NORMAL_ROM</type>
      <linear_start_addr>0xFFFF0000</linear_start_addr>
      <physical_start_addr>0xFFFF0000</physical_start_addr>
      <partition_size>0x8000</partition_size>
      <region>UFS_LU2</region>
      <storage>HW_STORAGE_UFS</storage>
      <boundary_check>false</boundary_check>
      <is_reserved>true</is_reserved>
      <operation_type>INVISIBLE</operation_type>
      <is_upgradable>false</is_upgradable>
      <empty_boot_needed>false</empty_boot_needed>
      <combo_partsize_check>false</combo_partsize_check>
      <reserve>0x00</reserve>
    </partition_index>

  </storage_type>
</root>
